Rooms,Timestamp,N_people
AULA2,2024-04-06 00:00:00,196
AULA4,2024-04-06 00:00:00,22
AULA6,2024-04-06 00:00:00,112
AULA01,2024-04-06 00:00:00,187
AULA03,2024-04-06 00:00:00,5
AULA05,2024-04-06 00:00:00,44
AULA1P,2024-04-06 00:00:00,215
AULA2P,2024-04-06 00:00:00,171
AULA3P,2024-04-06 00:00:00,97
AULA4P,2024-04-06 00:00:00,176
AULAR1,2024-04-06 00:00:00,113
AULAR2,2024-04-06 00:00:00,73
AULAR3,2024-04-06 00:00:00,210
AULAR4,2024-04-06 00:00:00,122
AULAR1,2024-04-06 00:00:00,176
AULAR2,2024-04-06 00:00:00,124
AULAR3,2024-04-06 00:00:00,171
AULAR4,2024-04-06 00:00:00,197
AULAR1B,2024-04-06 00:00:00,54
AULAR2B,2024-04-06 00:00:00,50
AULAR4B,2024-04-06 00:00:00,10
AULA2,2024-04-06 00:15:00,154
AULA4,2024-04-06 00:15:00,107
AULA6,2024-04-06 00:15:00,177
AULA01,2024-04-06 00:15:00,37
AULA03,2024-04-06 00:15:00,223
AULA05,2024-04-06 00:15:00,96
AULA1P,2024-04-06 00:15:00,176
AULA2P,2024-04-06 00:15:00,189
AULA3P,2024-04-06 00:15:00,47
AULA4P,2024-04-06 00:15:00,115
AULAR1,2024-04-06 00:15:00,82
AULAR2,2024-04-06 00:15:00,67
AULAR3,2024-04-06 00:15:00,213
AULAR4,2024-04-06 00:15:00,161
AULAR1,2024-04-06 00:15:00,4
AULAR2,2024-04-06 00:15:00,101
AULAR3,2024-04-06 00:15:00,39
AULAR4,2024-04-06 00:15:00,209
AULAR1B,2024-04-06 00:15:00,190
AULAR2B,2024-04-06 00:15:00,184
AULAR4B,2024-04-06 00:15:00,235
AULA2,2024-04-06 00:30:00,95
AULA4,2024-04-06 00:30:00,153
AULA6,2024-04-06 00:30:00,191
AULA01,2024-04-06 00:30:00,250
AULA03,2024-04-06 00:30:00,83
AULA05,2024-04-06 00:30:00,148
AULA1P,2024-04-06 00:30:00,91
AULA2P,2024-04-06 00:30:00,100
AULA3P,2024-04-06 00:30:00,243
AULA4P,2024-04-06 00:30:00,230
AULAR1,2024-04-06 00:30:00,227
AULAR2,2024-04-06 00:30:00,189
AULAR3,2024-04-06 00:30:00,36
AULAR4,2024-04-06 00:30:00,128
AULAR1,2024-04-06 00:30:00,197
AULAR2,2024-04-06 00:30:00,0
AULAR3,2024-04-06 00:30:00,223
AULAR4,2024-04-06 00:30:00,41
AULAR1B,2024-04-06 00:30:00,88
AULAR2B,2024-04-06 00:30:00,205
AULAR4B,2024-04-06 00:30:00,221
AULA2,2024-04-06 00:45:00,82
AULA4,2024-04-06 00:45:00,164
AULA6,2024-04-06 00:45:00,10
AULA01,2024-04-06 00:45:00,208
AULA03,2024-04-06 00:45:00,101
AULA05,2024-04-06 00:45:00,92
AULA1P,2024-04-06 00:45:00,94
AULA2P,2024-04-06 00:45:00,232
AULA3P,2024-04-06 00:45:00,172
AULA4P,2024-04-06 00:45:00,84
AULAR1,2024-04-06 00:45:00,131
AULAR2,2024-04-06 00:45:00,241
AULAR3,2024-04-06 00:45:00,13
AULAR4,2024-04-06 00:45:00,199
AULAR1,2024-04-06 00:45:00,173
AULAR2,2024-04-06 00:45:00,200
AULAR3,2024-04-06 00:45:00,66
AULAR4,2024-04-06 00:45:00,111
AULAR1B,2024-04-06 00:45:00,126
AULAR2B,2024-04-06 00:45:00,61
AULAR4B,2024-04-06 00:45:00,220
AULA2,2024-04-06 01:00:00,208
AULA4,2024-04-06 01:00:00,200
AULA6,2024-04-06 01:00:00,217
AULA01,2024-04-06 01:00:00,72
AULA03,2024-04-06 01:00:00,109
AULA05,2024-04-06 01:00:00,92
AULA1P,2024-04-06 01:00:00,245
AULA2P,2024-04-06 01:00:00,240
AULA3P,2024-04-06 01:00:00,128
AULA4P,2024-04-06 01:00:00,61
AULAR1,2024-04-06 01:00:00,63
AULAR2,2024-04-06 01:00:00,143
AULAR3,2024-04-06 01:00:00,126
AULAR4,2024-04-06 01:00:00,243
AULAR1,2024-04-06 01:00:00,212
AULAR2,2024-04-06 01:00:00,86
AULAR3,2024-04-06 01:00:00,141
AULAR4,2024-04-06 01:00:00,42
AULAR1B,2024-04-06 01:00:00,206
AULAR2B,2024-04-06 01:00:00,62
AULAR4B,2024-04-06 01:00:00,193
AULA2,2024-04-06 01:15:00,227
AULA4,2024-04-06 01:15:00,232
AULA6,2024-04-06 01:15:00,92
AULA01,2024-04-06 01:15:00,184
AULA03,2024-04-06 01:15:00,237
AULA05,2024-04-06 01:15:00,124
AULA1P,2024-04-06 01:15:00,214
AULA2P,2024-04-06 01:15:00,170
AULA3P,2024-04-06 01:15:00,35
AULA4P,2024-04-06 01:15:00,195
AULAR1,2024-04-06 01:15:00,57
AULAR2,2024-04-06 01:15:00,249
AULAR3,2024-04-06 01:15:00,70
AULAR4,2024-04-06 01:15:00,117
AULAR1,2024-04-06 01:15:00,68
AULAR2,2024-04-06 01:15:00,181
AULAR3,2024-04-06 01:15:00,151
AULAR4,2024-04-06 01:15:00,68
AULAR1B,2024-04-06 01:15:00,198
AULAR2B,2024-04-06 01:15:00,71
AULAR4B,2024-04-06 01:15:00,21
AULA2,2024-04-06 01:30:00,43
AULA4,2024-04-06 01:30:00,238
AULA6,2024-04-06 01:30:00,217
AULA01,2024-04-06 01:30:00,187
AULA03,2024-04-06 01:30:00,65
AULA05,2024-04-06 01:30:00,196
AULA1P,2024-04-06 01:30:00,206
AULA2P,2024-04-06 01:30:00,75
AULA3P,2024-04-06 01:30:00,45
AULA4P,2024-04-06 01:30:00,175
AULAR1,2024-04-06 01:30:00,87
AULAR2,2024-04-06 01:30:00,39
AULAR3,2024-04-06 01:30:00,133
AULAR4,2024-04-06 01:30:00,159
AULAR1,2024-04-06 01:30:00,236
AULAR2,2024-04-06 01:30:00,217
AULAR3,2024-04-06 01:30:00,91
AULAR4,2024-04-06 01:30:00,213
AULAR1B,2024-04-06 01:30:00,113
AULAR2B,2024-04-06 01:30:00,207
AULAR4B,2024-04-06 01:30:00,201
AULA2,2024-04-06 01:45:00,25
AULA4,2024-04-06 01:45:00,207
AULA6,2024-04-06 01:45:00,248
AULA01,2024-04-06 01:45:00,248
AULA03,2024-04-06 01:45:00,204
AULA05,2024-04-06 01:45:00,144
AULA1P,2024-04-06 01:45:00,111
AULA2P,2024-04-06 01:45:00,41
AULA3P,2024-04-06 01:45:00,98
AULA4P,2024-04-06 01:45:00,1
AULAR1,2024-04-06 01:45:00,109
AULAR2,2024-04-06 01:45:00,143
AULAR3,2024-04-06 01:45:00,231
AULAR4,2024-04-06 01:45:00,16
AULAR1,2024-04-06 01:45:00,192
AULAR2,2024-04-06 01:45:00,148
AULAR3,2024-04-06 01:45:00,94
AULAR4,2024-04-06 01:45:00,128
AULAR1B,2024-04-06 01:45:00,125
AULAR2B,2024-04-06 01:45:00,161
AULAR4B,2024-04-06 01:45:00,59
AULA2,2024-04-06 02:00:00,207
AULA4,2024-04-06 02:00:00,197
AULA6,2024-04-06 02:00:00,157
AULA01,2024-04-06 02:00:00,71
AULA03,2024-04-06 02:00:00,220
AULA05,2024-04-06 02:00:00,47
AULA1P,2024-04-06 02:00:00,123
AULA2P,2024-04-06 02:00:00,170
AULA3P,2024-04-06 02:00:00,136
AULA4P,2024-04-06 02:00:00,181
AULAR1,2024-04-06 02:00:00,180
AULAR2,2024-04-06 02:00:00,44
AULAR3,2024-04-06 02:00:00,235
AULAR4,2024-04-06 02:00:00,112
AULAR1,2024-04-06 02:00:00,52
AULAR2,2024-04-06 02:00:00,237
AULAR3,2024-04-06 02:00:00,192
AULAR4,2024-04-06 02:00:00,122
AULAR1B,2024-04-06 02:00:00,66
AULAR2B,2024-04-06 02:00:00,227
AULAR4B,2024-04-06 02:00:00,77
AULA2,2024-04-06 02:15:00,70
AULA4,2024-04-06 02:15:00,120
AULA6,2024-04-06 02:15:00,105
AULA01,2024-04-06 02:15:00,170
AULA03,2024-04-06 02:15:00,159
AULA05,2024-04-06 02:15:00,117
AULA1P,2024-04-06 02:15:00,214
AULA2P,2024-04-06 02:15:00,128
AULA3P,2024-04-06 02:15:00,93
AULA4P,2024-04-06 02:15:00,131
AULAR1,2024-04-06 02:15:00,237
AULAR2,2024-04-06 02:15:00,223
AULAR3,2024-04-06 02:15:00,202
AULAR4,2024-04-06 02:15:00,222
AULAR1,2024-04-06 02:15:00,139
AULAR2,2024-04-06 02:15:00,136
AULAR3,2024-04-06 02:15:00,136
AULAR4,2024-04-06 02:15:00,77
AULAR1B,2024-04-06 02:15:00,248
AULAR2B,2024-04-06 02:15:00,234
AULAR4B,2024-04-06 02:15:00,189
AULA2,2024-04-06 02:30:00,171
AULA4,2024-04-06 02:30:00,151
AULA6,2024-04-06 02:30:00,163
AULA01,2024-04-06 02:30:00,192
AULA03,2024-04-06 02:30:00,199
AULA05,2024-04-06 02:30:00,26
AULA1P,2024-04-06 02:30:00,87
AULA2P,2024-04-06 02:30:00,49
AULA3P,2024-04-06 02:30:00,226
AULA4P,2024-04-06 02:30:00,113
AULAR1,2024-04-06 02:30:00,185
AULAR2,2024-04-06 02:30:00,120
AULAR3,2024-04-06 02:30:00,157
AULAR4,2024-04-06 02:30:00,56
AULAR1,2024-04-06 02:30:00,132
AULAR2,2024-04-06 02:30:00,52
AULAR3,2024-04-06 02:30:00,84
AULAR4,2024-04-06 02:30:00,236
AULAR1B,2024-04-06 02:30:00,48
AULAR2B,2024-04-06 02:30:00,73
AULAR4B,2024-04-06 02:30:00,56
AULA2,2024-04-06 02:45:00,238
AULA4,2024-04-06 02:45:00,26
AULA6,2024-04-06 02:45:00,114
AULA01,2024-04-06 02:45:00,150
AULA03,2024-04-06 02:45:00,217
AULA05,2024-04-06 02:45:00,189
AULA1P,2024-04-06 02:45:00,109
AULA2P,2024-04-06 02:45:00,207
AULA3P,2024-04-06 02:45:00,179
AULA4P,2024-04-06 02:45:00,191
AULAR1,2024-04-06 02:45:00,134
AULAR2,2024-04-06 02:45:00,170
AULAR3,2024-04-06 02:45:00,121
AULAR4,2024-04-06 02:45:00,148
AULAR1,2024-04-06 02:45:00,47
AULAR2,2024-04-06 02:45:00,136
AULAR3,2024-04-06 02:45:00,102
AULAR4,2024-04-06 02:45:00,52
AULAR1B,2024-04-06 02:45:00,193
AULAR2B,2024-04-06 02:45:00,85
AULAR4B,2024-04-06 02:45:00,116
AULA2,2024-04-06 03:00:00,129
AULA4,2024-04-06 03:00:00,32
AULA6,2024-04-06 03:00:00,118
AULA01,2024-04-06 03:00:00,214
AULA03,2024-04-06 03:00:00,198
AULA05,2024-04-06 03:00:00,40
AULA1P,2024-04-06 03:00:00,117
AULA2P,2024-04-06 03:00:00,70
AULA3P,2024-04-06 03:00:00,8
AULA4P,2024-04-06 03:00:00,33
AULAR1,2024-04-06 03:00:00,135
AULAR2,2024-04-06 03:00:00,175
AULAR3,2024-04-06 03:00:00,217
AULAR4,2024-04-06 03:00:00,76
AULAR1,2024-04-06 03:00:00,41
AULAR2,2024-04-06 03:00:00,124
AULAR3,2024-04-06 03:00:00,58
AULAR4,2024-04-06 03:00:00,35
AULAR1B,2024-04-06 03:00:00,71
AULAR2B,2024-04-06 03:00:00,32
AULAR4B,2024-04-06 03:00:00,106
AULA2,2024-04-06 03:15:00,81
AULA4,2024-04-06 03:15:00,6
AULA6,2024-04-06 03:15:00,72
AULA01,2024-04-06 03:15:00,11
AULA03,2024-04-06 03:15:00,225
AULA05,2024-04-06 03:15:00,200
AULA1P,2024-04-06 03:15:00,78
AULA2P,2024-04-06 03:15:00,55
AULA3P,2024-04-06 03:15:00,22
AULA4P,2024-04-06 03:15:00,23
AULAR1,2024-04-06 03:15:00,113
AULAR2,2024-04-06 03:15:00,88
AULAR3,2024-04-06 03:15:00,48
AULAR4,2024-04-06 03:15:00,175
AULAR1,2024-04-06 03:15:00,76
AULAR2,2024-04-06 03:15:00,235
AULAR3,2024-04-06 03:15:00,55
AULAR4,2024-04-06 03:15:00,157
AULAR1B,2024-04-06 03:15:00,207
AULAR2B,2024-04-06 03:15:00,86
AULAR4B,2024-04-06 03:15:00,20
AULA2,2024-04-06 03:30:00,56
AULA4,2024-04-06 03:30:00,215
AULA6,2024-04-06 03:30:00,207
AULA01,2024-04-06 03:30:00,62
AULA03,2024-04-06 03:30:00,235
AULA05,2024-04-06 03:30:00,173
AULA1P,2024-04-06 03:30:00,31
AULA2P,2024-04-06 03:30:00,177
AULA3P,2024-04-06 03:30:00,209
AULA4P,2024-04-06 03:30:00,189
AULAR1,2024-04-06 03:30:00,143
AULAR2,2024-04-06 03:30:00,62
AULAR3,2024-04-06 03:30:00,206
AULAR4,2024-04-06 03:30:00,230
AULAR1,2024-04-06 03:30:00,131
AULAR2,2024-04-06 03:30:00,248
AULAR3,2024-04-06 03:30:00,28
AULAR4,2024-04-06 03:30:00,176
AULAR1B,2024-04-06 03:30:00,96
AULAR2B,2024-04-06 03:30:00,202
AULAR4B,2024-04-06 03:30:00,48
AULA2,2024-04-06 03:45:00,237
AULA4,2024-04-06 03:45:00,209
AULA6,2024-04-06 03:45:00,98
AULA01,2024-04-06 03:45:00,67
AULA03,2024-04-06 03:45:00,94
AULA05,2024-04-06 03:45:00,37
AULA1P,2024-04-06 03:45:00,66
AULA2P,2024-04-06 03:45:00,172
AULA3P,2024-04-06 03:45:00,137
AULA4P,2024-04-06 03:45:00,136
AULAR1,2024-04-06 03:45:00,176
AULAR2,2024-04-06 03:45:00,156
AULAR3,2024-04-06 03:45:00,118
AULAR4,2024-04-06 03:45:00,144
AULAR1,2024-04-06 03:45:00,139
AULAR2,2024-04-06 03:45:00,104
AULAR3,2024-04-06 03:45:00,94
AULAR4,2024-04-06 03:45:00,18
AULAR1B,2024-04-06 03:45:00,98
AULAR2B,2024-04-06 03:45:00,55
AULAR4B,2024-04-06 03:45:00,150
AULA2,2024-04-06 04:00:00,46
AULA4,2024-04-06 04:00:00,225
AULA6,2024-04-06 04:00:00,213
AULA01,2024-04-06 04:00:00,129
AULA03,2024-04-06 04:00:00,18
AULA05,2024-04-06 04:00:00,5
AULA1P,2024-04-06 04:00:00,118
AULA2P,2024-04-06 04:00:00,186
AULA3P,2024-04-06 04:00:00,22
AULA4P,2024-04-06 04:00:00,52
AULAR1,2024-04-06 04:00:00,23
AULAR2,2024-04-06 04:00:00,43
AULAR3,2024-04-06 04:00:00,26
AULAR4,2024-04-06 04:00:00,92
AULAR1,2024-04-06 04:00:00,4
AULAR2,2024-04-06 04:00:00,177
AULAR3,2024-04-06 04:00:00,124
AULAR4,2024-04-06 04:00:00,25
AULAR1B,2024-04-06 04:00:00,0
AULAR2B,2024-04-06 04:00:00,120
AULAR4B,2024-04-06 04:00:00,236
AULA2,2024-04-06 04:15:00,8
AULA4,2024-04-06 04:15:00,199
AULA6,2024-04-06 04:15:00,226
AULA01,2024-04-06 04:15:00,88
AULA03,2024-04-06 04:15:00,171
AULA05,2024-04-06 04:15:00,108
AULA1P,2024-04-06 04:15:00,39
AULA2P,2024-04-06 04:15:00,156
AULA3P,2024-04-06 04:15:00,39
AULA4P,2024-04-06 04:15:00,120
AULAR1,2024-04-06 04:15:00,190
AULAR2,2024-04-06 04:15:00,80
AULAR3,2024-04-06 04:15:00,41
AULAR4,2024-04-06 04:15:00,194
AULAR1,2024-04-06 04:15:00,238
AULAR2,2024-04-06 04:15:00,5
AULAR3,2024-04-06 04:15:00,180
AULAR4,2024-04-06 04:15:00,56
AULAR1B,2024-04-06 04:15:00,68
AULAR2B,2024-04-06 04:15:00,212
AULAR4B,2024-04-06 04:15:00,175
AULA2,2024-04-06 04:30:00,54
AULA4,2024-04-06 04:30:00,250
AULA6,2024-04-06 04:30:00,128
AULA01,2024-04-06 04:30:00,101
AULA03,2024-04-06 04:30:00,230
AULA05,2024-04-06 04:30:00,144
AULA1P,2024-04-06 04:30:00,69
AULA2P,2024-04-06 04:30:00,167
AULA3P,2024-04-06 04:30:00,241
AULA4P,2024-04-06 04:30:00,116
AULAR1,2024-04-06 04:30:00,89
AULAR2,2024-04-06 04:30:00,113
AULAR3,2024-04-06 04:30:00,14
AULAR4,2024-04-06 04:30:00,75
AULAR1,2024-04-06 04:30:00,16
AULAR2,2024-04-06 04:30:00,32
AULAR3,2024-04-06 04:30:00,114
AULAR4,2024-04-06 04:30:00,132
AULAR1B,2024-04-06 04:30:00,196
AULAR2B,2024-04-06 04:30:00,93
AULAR4B,2024-04-06 04:30:00,59
AULA2,2024-04-06 04:45:00,209
AULA4,2024-04-06 04:45:00,227
AULA6,2024-04-06 04:45:00,42
AULA01,2024-04-06 04:45:00,7
AULA03,2024-04-06 04:45:00,160
AULA05,2024-04-06 04:45:00,118
AULA1P,2024-04-06 04:45:00,226
AULA2P,2024-04-06 04:45:00,98
AULA3P,2024-04-06 04:45:00,114
AULA4P,2024-04-06 04:45:00,60
AULAR1,2024-04-06 04:45:00,145
AULAR2,2024-04-06 04:45:00,142
AULAR3,2024-04-06 04:45:00,212
AULAR4,2024-04-06 04:45:00,36
AULAR1,2024-04-06 04:45:00,142
AULAR2,2024-04-06 04:45:00,135
AULAR3,2024-04-06 04:45:00,90
AULAR4,2024-04-06 04:45:00,122
AULAR1B,2024-04-06 04:45:00,216
AULAR2B,2024-04-06 04:45:00,68
AULAR4B,2024-04-06 04:45:00,19
AULA2,2024-04-06 05:00:00,16
AULA4,2024-04-06 05:00:00,206
AULA6,2024-04-06 05:00:00,90
AULA01,2024-04-06 05:00:00,205
AULA03,2024-04-06 05:00:00,9
AULA05,2024-04-06 05:00:00,46
AULA1P,2024-04-06 05:00:00,88
AULA2P,2024-04-06 05:00:00,204
AULA3P,2024-04-06 05:00:00,30
AULA4P,2024-04-06 05:00:00,198
AULAR1,2024-04-06 05:00:00,209
AULAR2,2024-04-06 05:00:00,187
AULAR3,2024-04-06 05:00:00,114
AULAR4,2024-04-06 05:00:00,149
AULAR1,2024-04-06 05:00:00,215
AULAR2,2024-04-06 05:00:00,70
AULAR3,2024-04-06 05:00:00,87
AULAR4,2024-04-06 05:00:00,184
AULAR1B,2024-04-06 05:00:00,248
AULAR2B,2024-04-06 05:00:00,206
AULAR4B,2024-04-06 05:00:00,150
AULA2,2024-04-06 05:15:00,95
AULA4,2024-04-06 05:15:00,137
AULA6,2024-04-06 05:15:00,157
AULA01,2024-04-06 05:15:00,72
AULA03,2024-04-06 05:15:00,168
AULA05,2024-04-06 05:15:00,107
AULA1P,2024-04-06 05:15:00,109
AULA2P,2024-04-06 05:15:00,90
AULA3P,2024-04-06 05:15:00,190
AULA4P,2024-04-06 05:15:00,203
AULAR1,2024-04-06 05:15:00,74
AULAR2,2024-04-06 05:15:00,203
AULAR3,2024-04-06 05:15:00,200
AULAR4,2024-04-06 05:15:00,245
AULAR1,2024-04-06 05:15:00,15
AULAR2,2024-04-06 05:15:00,6
AULAR3,2024-04-06 05:15:00,230
AULAR4,2024-04-06 05:15:00,95
AULAR1B,2024-04-06 05:15:00,92
AULAR2B,2024-04-06 05:15:00,121
AULAR4B,2024-04-06 05:15:00,118
AULA2,2024-04-06 05:30:00,107
AULA4,2024-04-06 05:30:00,14
AULA6,2024-04-06 05:30:00,25
AULA01,2024-04-06 05:30:00,182
AULA03,2024-04-06 05:30:00,117
AULA05,2024-04-06 05:30:00,238
AULA1P,2024-04-06 05:30:00,18
AULA2P,2024-04-06 05:30:00,45
AULA3P,2024-04-06 05:30:00,132
AULA4P,2024-04-06 05:30:00,102
AULAR1,2024-04-06 05:30:00,189
AULAR2,2024-04-06 05:30:00,113
AULAR3,2024-04-06 05:30:00,141
AULAR4,2024-04-06 05:30:00,63
AULAR1,2024-04-06 05:30:00,162
AULAR2,2024-04-06 05:30:00,152
AULAR3,2024-04-06 05:30:00,49
AULAR4,2024-04-06 05:30:00,213
AULAR1B,2024-04-06 05:30:00,10
AULAR2B,2024-04-06 05:30:00,229
AULAR4B,2024-04-06 05:30:00,44
AULA2,2024-04-06 05:45:00,201
AULA4,2024-04-06 05:45:00,24
AULA6,2024-04-06 05:45:00,13
AULA01,2024-04-06 05:45:00,127
AULA03,2024-04-06 05:45:00,88
AULA05,2024-04-06 05:45:00,71
AULA1P,2024-04-06 05:45:00,208
AULA2P,2024-04-06 05:45:00,132
AULA3P,2024-04-06 05:45:00,35
AULA4P,2024-04-06 05:45:00,239
AULAR1,2024-04-06 05:45:00,87
AULAR2,2024-04-06 05:45:00,26
AULAR3,2024-04-06 05:45:00,42
AULAR4,2024-04-06 05:45:00,23
AULAR1,2024-04-06 05:45:00,93
AULAR2,2024-04-06 05:45:00,198
AULAR3,2024-04-06 05:45:00,184
AULAR4,2024-04-06 05:45:00,39
AULAR1B,2024-04-06 05:45:00,195
AULAR2B,2024-04-06 05:45:00,52
AULAR4B,2024-04-06 05:45:00,189
AULA2,2024-04-06 06:00:00,133
AULA4,2024-04-06 06:00:00,103
AULA6,2024-04-06 06:00:00,230
AULA01,2024-04-06 06:00:00,10
AULA03,2024-04-06 06:00:00,206
AULA05,2024-04-06 06:00:00,249
AULA1P,2024-04-06 06:00:00,233
AULA2P,2024-04-06 06:00:00,99
AULA3P,2024-04-06 06:00:00,201
AULA4P,2024-04-06 06:00:00,236
AULAR1,2024-04-06 06:00:00,15
AULAR2,2024-04-06 06:00:00,2
AULAR3,2024-04-06 06:00:00,153
AULAR4,2024-04-06 06:00:00,67
AULAR1,2024-04-06 06:00:00,130
AULAR2,2024-04-06 06:00:00,169
AULAR3,2024-04-06 06:00:00,17
AULAR4,2024-04-06 06:00:00,105
AULAR1B,2024-04-06 06:00:00,91
AULAR2B,2024-04-06 06:00:00,207
AULAR4B,2024-04-06 06:00:00,10
AULA2,2024-04-06 06:15:00,6
AULA4,2024-04-06 06:15:00,42
AULA6,2024-04-06 06:15:00,32
AULA01,2024-04-06 06:15:00,13
AULA03,2024-04-06 06:15:00,166
AULA05,2024-04-06 06:15:00,215
AULA1P,2024-04-06 06:15:00,228
AULA2P,2024-04-06 06:15:00,244
AULA3P,2024-04-06 06:15:00,222
AULA4P,2024-04-06 06:15:00,125
AULAR1,2024-04-06 06:15:00,160
AULAR2,2024-04-06 06:15:00,187
AULAR3,2024-04-06 06:15:00,96
AULAR4,2024-04-06 06:15:00,2
AULAR1,2024-04-06 06:15:00,70
AULAR2,2024-04-06 06:15:00,180
AULAR3,2024-04-06 06:15:00,214
AULAR4,2024-04-06 06:15:00,21
AULAR1B,2024-04-06 06:15:00,0
AULAR2B,2024-04-06 06:15:00,241
AULAR4B,2024-04-06 06:15:00,91
AULA2,2024-04-06 06:30:00,157
AULA4,2024-04-06 06:30:00,168
AULA6,2024-04-06 06:30:00,145
AULA01,2024-04-06 06:30:00,78
AULA03,2024-04-06 06:30:00,198
AULA05,2024-04-06 06:30:00,103
AULA1P,2024-04-06 06:30:00,36
AULA2P,2024-04-06 06:30:00,43
AULA3P,2024-04-06 06:30:00,168
AULA4P,2024-04-06 06:30:00,104
AULAR1,2024-04-06 06:30:00,230
AULAR2,2024-04-06 06:30:00,149
AULAR3,2024-04-06 06:30:00,194
AULAR4,2024-04-06 06:30:00,206
AULAR1,2024-04-06 06:30:00,81
AULAR2,2024-04-06 06:30:00,233
AULAR3,2024-04-06 06:30:00,34
AULAR4,2024-04-06 06:30:00,130
AULAR1B,2024-04-06 06:30:00,79
AULAR2B,2024-04-06 06:30:00,12
AULAR4B,2024-04-06 06:30:00,188
AULA2,2024-04-06 06:45:00,195
AULA4,2024-04-06 06:45:00,36
AULA6,2024-04-06 06:45:00,112
AULA01,2024-04-06 06:45:00,76
AULA03,2024-04-06 06:45:00,232
AULA05,2024-04-06 06:45:00,78
AULA1P,2024-04-06 06:45:00,0
AULA2P,2024-04-06 06:45:00,65
AULA3P,2024-04-06 06:45:00,176
AULA4P,2024-04-06 06:45:00,78
AULAR1,2024-04-06 06:45:00,206
AULAR2,2024-04-06 06:45:00,11
AULAR3,2024-04-06 06:45:00,60
AULAR4,2024-04-06 06:45:00,123
AULAR1,2024-04-06 06:45:00,67
AULAR2,2024-04-06 06:45:00,228
AULAR3,2024-04-06 06:45:00,122
AULAR4,2024-04-06 06:45:00,16
AULAR1B,2024-04-06 06:45:00,58
AULAR2B,2024-04-06 06:45:00,196
AULAR4B,2024-04-06 06:45:00,121
AULA2,2024-04-06 07:00:00,23
AULA4,2024-04-06 07:00:00,77
AULA6,2024-04-06 07:00:00,17
AULA01,2024-04-06 07:00:00,27
AULA03,2024-04-06 07:00:00,165
AULA05,2024-04-06 07:00:00,175
AULA1P,2024-04-06 07:00:00,45
AULA2P,2024-04-06 07:00:00,228
AULA3P,2024-04-06 07:00:00,43
AULA4P,2024-04-06 07:00:00,243
AULAR1,2024-04-06 07:00:00,208
AULAR2,2024-04-06 07:00:00,236
AULAR3,2024-04-06 07:00:00,241
AULAR4,2024-04-06 07:00:00,127
AULAR1,2024-04-06 07:00:00,135
AULAR2,2024-04-06 07:00:00,236
AULAR3,2024-04-06 07:00:00,223
AULAR4,2024-04-06 07:00:00,77
AULAR1B,2024-04-06 07:00:00,192
AULAR2B,2024-04-06 07:00:00,170
AULAR4B,2024-04-06 07:00:00,119
AULA2,2024-04-06 07:15:00,6
AULA4,2024-04-06 07:15:00,131
AULA6,2024-04-06 07:15:00,237
AULA01,2024-04-06 07:15:00,121
AULA03,2024-04-06 07:15:00,66
AULA05,2024-04-06 07:15:00,134
AULA1P,2024-04-06 07:15:00,228
AULA2P,2024-04-06 07:15:00,165
AULA3P,2024-04-06 07:15:00,2
AULA4P,2024-04-06 07:15:00,220
AULAR1,2024-04-06 07:15:00,169
AULAR2,2024-04-06 07:15:00,164
AULAR3,2024-04-06 07:15:00,151
AULAR4,2024-04-06 07:15:00,165
AULAR1,2024-04-06 07:15:00,74
AULAR2,2024-04-06 07:15:00,227
AULAR3,2024-04-06 07:15:00,250
AULAR4,2024-04-06 07:15:00,229
AULAR1B,2024-04-06 07:15:00,33
AULAR2B,2024-04-06 07:15:00,109
AULAR4B,2024-04-06 07:15:00,164
AULA2,2024-04-06 07:30:00,66
AULA4,2024-04-06 07:30:00,58
AULA6,2024-04-06 07:30:00,202
AULA01,2024-04-06 07:30:00,26
AULA03,2024-04-06 07:30:00,42
AULA05,2024-04-06 07:30:00,166
AULA1P,2024-04-06 07:30:00,156
AULA2P,2024-04-06 07:30:00,31
AULA3P,2024-04-06 07:30:00,30
AULA4P,2024-04-06 07:30:00,159
AULAR1,2024-04-06 07:30:00,10
AULAR2,2024-04-06 07:30:00,63
AULAR3,2024-04-06 07:30:00,244
AULAR4,2024-04-06 07:30:00,19
AULAR1,2024-04-06 07:30:00,160
AULAR2,2024-04-06 07:30:00,37
AULAR3,2024-04-06 07:30:00,156
AULAR4,2024-04-06 07:30:00,195
AULAR1B,2024-04-06 07:30:00,238
AULAR2B,2024-04-06 07:30:00,155
AULAR4B,2024-04-06 07:30:00,59
AULA2,2024-04-06 07:45:00,146
AULA4,2024-04-06 07:45:00,24
AULA6,2024-04-06 07:45:00,26
AULA01,2024-04-06 07:45:00,99
AULA03,2024-04-06 07:45:00,31
AULA05,2024-04-06 07:45:00,21
AULA1P,2024-04-06 07:45:00,48
AULA2P,2024-04-06 07:45:00,186
AULA3P,2024-04-06 07:45:00,141
AULA4P,2024-04-06 07:45:00,37
AULAR1,2024-04-06 07:45:00,32
AULAR2,2024-04-06 07:45:00,249
AULAR3,2024-04-06 07:45:00,43
AULAR4,2024-04-06 07:45:00,234
AULAR1,2024-04-06 07:45:00,155
AULAR2,2024-04-06 07:45:00,167
AULAR3,2024-04-06 07:45:00,77
AULAR4,2024-04-06 07:45:00,81
AULAR1B,2024-04-06 07:45:00,213
AULAR2B,2024-04-06 07:45:00,235
AULAR4B,2024-04-06 07:45:00,161
AULA2,2024-04-06 08:00:00,145
AULA4,2024-04-06 08:00:00,37
AULA6,2024-04-06 08:00:00,31
AULA01,2024-04-06 08:00:00,189
AULA03,2024-04-06 08:00:00,106
AULA05,2024-04-06 08:00:00,154
AULA1P,2024-04-06 08:00:00,110
AULA2P,2024-04-06 08:00:00,209
AULA3P,2024-04-06 08:00:00,160
AULA4P,2024-04-06 08:00:00,28
AULAR1,2024-04-06 08:00:00,77
AULAR2,2024-04-06 08:00:00,171
AULAR3,2024-04-06 08:00:00,34
AULAR4,2024-04-06 08:00:00,50
AULAR1,2024-04-06 08:00:00,209
AULAR2,2024-04-06 08:00:00,69
AULAR3,2024-04-06 08:00:00,209
AULAR4,2024-04-06 08:00:00,25
AULAR1B,2024-04-06 08:00:00,55
AULAR2B,2024-04-06 08:00:00,151
AULAR4B,2024-04-06 08:00:00,203
AULA2,2024-04-06 08:15:00,101
AULA4,2024-04-06 08:15:00,13
AULA6,2024-04-06 08:15:00,49
AULA01,2024-04-06 08:15:00,40
AULA03,2024-04-06 08:15:00,13
AULA05,2024-04-06 08:15:00,247
AULA1P,2024-04-06 08:15:00,243
AULA2P,2024-04-06 08:15:00,88
AULA3P,2024-04-06 08:15:00,32
AULA4P,2024-04-06 08:15:00,44
AULAR1,2024-04-06 08:15:00,192
AULAR2,2024-04-06 08:15:00,48
AULAR3,2024-04-06 08:15:00,100
AULAR4,2024-04-06 08:15:00,185
AULAR1,2024-04-06 08:15:00,13
AULAR2,2024-04-06 08:15:00,151
AULAR3,2024-04-06 08:15:00,129
AULAR4,2024-04-06 08:15:00,188
AULAR1B,2024-04-06 08:15:00,176
AULAR2B,2024-04-06 08:15:00,174
AULAR4B,2024-04-06 08:15:00,221
AULA2,2024-04-06 08:30:00,195
AULA4,2024-04-06 08:30:00,39
AULA6,2024-04-06 08:30:00,155
AULA01,2024-04-06 08:30:00,170
AULA03,2024-04-06 08:30:00,144
AULA05,2024-04-06 08:30:00,69
AULA1P,2024-04-06 08:30:00,183
AULA2P,2024-04-06 08:30:00,97
AULA3P,2024-04-06 08:30:00,38
AULA4P,2024-04-06 08:30:00,38
AULAR1,2024-04-06 08:30:00,182
AULAR2,2024-04-06 08:30:00,75
AULAR3,2024-04-06 08:30:00,212
AULAR4,2024-04-06 08:30:00,105
AULAR1,2024-04-06 08:30:00,154
AULAR2,2024-04-06 08:30:00,133
AULAR3,2024-04-06 08:30:00,238
AULAR4,2024-04-06 08:30:00,125
AULAR1B,2024-04-06 08:30:00,148
AULAR2B,2024-04-06 08:30:00,124
AULAR4B,2024-04-06 08:30:00,9
AULA2,2024-04-06 08:45:00,47
AULA4,2024-04-06 08:45:00,13
AULA6,2024-04-06 08:45:00,33
AULA01,2024-04-06 08:45:00,125
AULA03,2024-04-06 08:45:00,182
AULA05,2024-04-06 08:45:00,44
AULA1P,2024-04-06 08:45:00,245
AULA2P,2024-04-06 08:45:00,45
AULA3P,2024-04-06 08:45:00,116
AULA4P,2024-04-06 08:45:00,20
AULAR1,2024-04-06 08:45:00,128
AULAR2,2024-04-06 08:45:00,204
AULAR3,2024-04-06 08:45:00,169
AULAR4,2024-04-06 08:45:00,220
AULAR1,2024-04-06 08:45:00,235
AULAR2,2024-04-06 08:45:00,175
AULAR3,2024-04-06 08:45:00,104
AULAR4,2024-04-06 08:45:00,94
AULAR1B,2024-04-06 08:45:00,8
AULAR2B,2024-04-06 08:45:00,245
AULAR4B,2024-04-06 08:45:00,90
AULA2,2024-04-06 09:00:00,69
AULA4,2024-04-06 09:00:00,118
AULA6,2024-04-06 09:00:00,41
AULA01,2024-04-06 09:00:00,183
AULA03,2024-04-06 09:00:00,112
AULA05,2024-04-06 09:00:00,112
AULA1P,2024-04-06 09:00:00,179
AULA2P,2024-04-06 09:00:00,114
AULA3P,2024-04-06 09:00:00,36
AULA4P,2024-04-06 09:00:00,6
AULAR1,2024-04-06 09:00:00,126
AULAR2,2024-04-06 09:00:00,137
AULAR3,2024-04-06 09:00:00,140
AULAR4,2024-04-06 09:00:00,6
AULAR1,2024-04-06 09:00:00,61
AULAR2,2024-04-06 09:00:00,223
AULAR3,2024-04-06 09:00:00,156
AULAR4,2024-04-06 09:00:00,45
AULAR1B,2024-04-06 09:00:00,70
AULAR2B,2024-04-06 09:00:00,185
AULAR4B,2024-04-06 09:00:00,2
AULA2,2024-04-06 09:15:00,113
AULA4,2024-04-06 09:15:00,20
AULA6,2024-04-06 09:15:00,160
AULA01,2024-04-06 09:15:00,14
AULA03,2024-04-06 09:15:00,181
AULA05,2024-04-06 09:15:00,68
AULA1P,2024-04-06 09:15:00,44
AULA2P,2024-04-06 09:15:00,148
AULA3P,2024-04-06 09:15:00,71
AULA4P,2024-04-06 09:15:00,148
AULAR1,2024-04-06 09:15:00,204
AULAR2,2024-04-06 09:15:00,97
AULAR3,2024-04-06 09:15:00,165
AULAR4,2024-04-06 09:15:00,181
AULAR1,2024-04-06 09:15:00,109
AULAR2,2024-04-06 09:15:00,171
AULAR3,2024-04-06 09:15:00,132
AULAR4,2024-04-06 09:15:00,12
AULAR1B,2024-04-06 09:15:00,44
AULAR2B,2024-04-06 09:15:00,198
AULAR4B,2024-04-06 09:15:00,128
AULA2,2024-04-06 09:30:00,179
AULA4,2024-04-06 09:30:00,164
AULA6,2024-04-06 09:30:00,33
AULA01,2024-04-06 09:30:00,49
AULA03,2024-04-06 09:30:00,127
AULA05,2024-04-06 09:30:00,65
AULA1P,2024-04-06 09:30:00,92
AULA2P,2024-04-06 09:30:00,95
AULA3P,2024-04-06 09:30:00,173
AULA4P,2024-04-06 09:30:00,124
AULAR1,2024-04-06 09:30:00,30
AULAR2,2024-04-06 09:30:00,99
AULAR3,2024-04-06 09:30:00,191
AULAR4,2024-04-06 09:30:00,149
AULAR1,2024-04-06 09:30:00,16
AULAR2,2024-04-06 09:30:00,75
AULAR3,2024-04-06 09:30:00,124
AULAR4,2024-04-06 09:30:00,47
AULAR1B,2024-04-06 09:30:00,6
AULAR2B,2024-04-06 09:30:00,6
AULAR4B,2024-04-06 09:30:00,60
AULA2,2024-04-06 09:45:00,187
AULA4,2024-04-06 09:45:00,178
AULA6,2024-04-06 09:45:00,207
AULA01,2024-04-06 09:45:00,218
AULA03,2024-04-06 09:45:00,91
AULA05,2024-04-06 09:45:00,2
AULA1P,2024-04-06 09:45:00,61
AULA2P,2024-04-06 09:45:00,230
AULA3P,2024-04-06 09:45:00,56
AULA4P,2024-04-06 09:45:00,147
AULAR1,2024-04-06 09:45:00,113
AULAR2,2024-04-06 09:45:00,202
AULAR3,2024-04-06 09:45:00,66
AULAR4,2024-04-06 09:45:00,129
AULAR1,2024-04-06 09:45:00,187
AULAR2,2024-04-06 09:45:00,135
AULAR3,2024-04-06 09:45:00,237
AULAR4,2024-04-06 09:45:00,39
AULAR1B,2024-04-06 09:45:00,157
AULAR2B,2024-04-06 09:45:00,81
AULAR4B,2024-04-06 09:45:00,214
AULA2,2024-04-06 10:00:00,58
AULA4,2024-04-06 10:00:00,61
AULA6,2024-04-06 10:00:00,166
AULA01,2024-04-06 10:00:00,172
AULA03,2024-04-06 10:00:00,205
AULA05,2024-04-06 10:00:00,169
AULA1P,2024-04-06 10:00:00,140
AULA2P,2024-04-06 10:00:00,203
AULA3P,2024-04-06 10:00:00,195
AULA4P,2024-04-06 10:00:00,120
AULAR1,2024-04-06 10:00:00,202
AULAR2,2024-04-06 10:00:00,226
AULAR3,2024-04-06 10:00:00,29
AULAR4,2024-04-06 10:00:00,15
AULAR1,2024-04-06 10:00:00,92
AULAR2,2024-04-06 10:00:00,238
AULAR3,2024-04-06 10:00:00,235
AULAR4,2024-04-06 10:00:00,190
AULAR1B,2024-04-06 10:00:00,204
AULAR2B,2024-04-06 10:00:00,161
AULAR4B,2024-04-06 10:00:00,210
AULA2,2024-04-06 10:15:00,6
AULA4,2024-04-06 10:15:00,131
AULA6,2024-04-06 10:15:00,228
AULA01,2024-04-06 10:15:00,158
AULA03,2024-04-06 10:15:00,114
AULA05,2024-04-06 10:15:00,4
AULA1P,2024-04-06 10:15:00,182
AULA2P,2024-04-06 10:15:00,77
AULA3P,2024-04-06 10:15:00,231
AULA4P,2024-04-06 10:15:00,107
AULAR1,2024-04-06 10:15:00,103
AULAR2,2024-04-06 10:15:00,6
AULAR3,2024-04-06 10:15:00,178
AULAR4,2024-04-06 10:15:00,101
AULAR1,2024-04-06 10:15:00,82
AULAR2,2024-04-06 10:15:00,12
AULAR3,2024-04-06 10:15:00,117
AULAR4,2024-04-06 10:15:00,155
AULAR1B,2024-04-06 10:15:00,168
AULAR2B,2024-04-06 10:15:00,86
AULAR4B,2024-04-06 10:15:00,121
AULA2,2024-04-06 10:30:00,59
AULA4,2024-04-06 10:30:00,62
AULA6,2024-04-06 10:30:00,245
AULA01,2024-04-06 10:30:00,217
AULA03,2024-04-06 10:30:00,174
AULA05,2024-04-06 10:30:00,235
AULA1P,2024-04-06 10:30:00,239
AULA2P,2024-04-06 10:30:00,238
AULA3P,2024-04-06 10:30:00,137
AULA4P,2024-04-06 10:30:00,142
AULAR1,2024-04-06 10:30:00,5
AULAR2,2024-04-06 10:30:00,112
AULAR3,2024-04-06 10:30:00,111
AULAR4,2024-04-06 10:30:00,116
AULAR1,2024-04-06 10:30:00,248
AULAR2,2024-04-06 10:30:00,58
AULAR3,2024-04-06 10:30:00,247
AULAR4,2024-04-06 10:30:00,141
AULAR1B,2024-04-06 10:30:00,57
AULAR2B,2024-04-06 10:30:00,234
AULAR4B,2024-04-06 10:30:00,79
AULA2,2024-04-06 10:45:00,8
AULA4,2024-04-06 10:45:00,64
AULA6,2024-04-06 10:45:00,140
AULA01,2024-04-06 10:45:00,88
AULA03,2024-04-06 10:45:00,71
AULA05,2024-04-06 10:45:00,15
AULA1P,2024-04-06 10:45:00,188
AULA2P,2024-04-06 10:45:00,216
AULA3P,2024-04-06 10:45:00,66
AULA4P,2024-04-06 10:45:00,91
AULAR1,2024-04-06 10:45:00,7
AULAR2,2024-04-06 10:45:00,212
AULAR3,2024-04-06 10:45:00,248
AULAR4,2024-04-06 10:45:00,95
AULAR1,2024-04-06 10:45:00,153
AULAR2,2024-04-06 10:45:00,219
AULAR3,2024-04-06 10:45:00,36
AULAR4,2024-04-06 10:45:00,196
AULAR1B,2024-04-06 10:45:00,175
AULAR2B,2024-04-06 10:45:00,214
AULAR4B,2024-04-06 10:45:00,150
AULA2,2024-04-06 11:00:00,163
AULA4,2024-04-06 11:00:00,178
AULA6,2024-04-06 11:00:00,46
AULA01,2024-04-06 11:00:00,95
AULA03,2024-04-06 11:00:00,115
AULA05,2024-04-06 11:00:00,133
AULA1P,2024-04-06 11:00:00,11
AULA2P,2024-04-06 11:00:00,33
AULA3P,2024-04-06 11:00:00,149
AULA4P,2024-04-06 11:00:00,103
AULAR1,2024-04-06 11:00:00,41
AULAR2,2024-04-06 11:00:00,99
AULAR3,2024-04-06 11:00:00,234
AULAR4,2024-04-06 11:00:00,43
AULAR1,2024-04-06 11:00:00,156
AULAR2,2024-04-06 11:00:00,170
AULAR3,2024-04-06 11:00:00,170
AULAR4,2024-04-06 11:00:00,185
AULAR1B,2024-04-06 11:00:00,45
AULAR2B,2024-04-06 11:00:00,11
AULAR4B,2024-04-06 11:00:00,234
AULA2,2024-04-06 11:15:00,107
AULA4,2024-04-06 11:15:00,103
AULA6,2024-04-06 11:15:00,229
AULA01,2024-04-06 11:15:00,187
AULA03,2024-04-06 11:15:00,1
AULA05,2024-04-06 11:15:00,140
AULA1P,2024-04-06 11:15:00,220
AULA2P,2024-04-06 11:15:00,133
AULA3P,2024-04-06 11:15:00,61
AULA4P,2024-04-06 11:15:00,113
AULAR1,2024-04-06 11:15:00,69
AULAR2,2024-04-06 11:15:00,12
AULAR3,2024-04-06 11:15:00,0
AULAR4,2024-04-06 11:15:00,37
AULAR1,2024-04-06 11:15:00,54
AULAR2,2024-04-06 11:15:00,71
AULAR3,2024-04-06 11:15:00,142
AULAR4,2024-04-06 11:15:00,85
AULAR1B,2024-04-06 11:15:00,28
AULAR2B,2024-04-06 11:15:00,236
AULAR4B,2024-04-06 11:15:00,25
AULA2,2024-04-06 11:30:00,74
AULA4,2024-04-06 11:30:00,80
AULA6,2024-04-06 11:30:00,245
AULA01,2024-04-06 11:30:00,177
AULA03,2024-04-06 11:30:00,222
AULA05,2024-04-06 11:30:00,249
AULA1P,2024-04-06 11:30:00,247
AULA2P,2024-04-06 11:30:00,130
AULA3P,2024-04-06 11:30:00,56
AULA4P,2024-04-06 11:30:00,24
AULAR1,2024-04-06 11:30:00,75
AULAR2,2024-04-06 11:30:00,8
AULAR3,2024-04-06 11:30:00,166
AULAR4,2024-04-06 11:30:00,110
AULAR1,2024-04-06 11:30:00,127
AULAR2,2024-04-06 11:30:00,43
AULAR3,2024-04-06 11:30:00,220
AULAR4,2024-04-06 11:30:00,213
AULAR1B,2024-04-06 11:30:00,194
AULAR2B,2024-04-06 11:30:00,93
AULAR4B,2024-04-06 11:30:00,17
AULA2,2024-04-06 11:45:00,41
AULA4,2024-04-06 11:45:00,206
AULA6,2024-04-06 11:45:00,32
AULA01,2024-04-06 11:45:00,169
AULA03,2024-04-06 11:45:00,5
AULA05,2024-04-06 11:45:00,239
AULA1P,2024-04-06 11:45:00,162
AULA2P,2024-04-06 11:45:00,28
AULA3P,2024-04-06 11:45:00,138
AULA4P,2024-04-06 11:45:00,240
AULAR1,2024-04-06 11:45:00,45
AULAR2,2024-04-06 11:45:00,24
AULAR3,2024-04-06 11:45:00,167
AULAR4,2024-04-06 11:45:00,118
AULAR1,2024-04-06 11:45:00,219
AULAR2,2024-04-06 11:45:00,65
AULAR3,2024-04-06 11:45:00,98
AULAR4,2024-04-06 11:45:00,92
AULAR1B,2024-04-06 11:45:00,75
AULAR2B,2024-04-06 11:45:00,127
AULAR4B,2024-04-06 11:45:00,51
AULA2,2024-04-06 12:00:00,170
AULA4,2024-04-06 12:00:00,130
AULA6,2024-04-06 12:00:00,11
AULA01,2024-04-06 12:00:00,211
AULA03,2024-04-06 12:00:00,30
AULA05,2024-04-06 12:00:00,71
AULA1P,2024-04-06 12:00:00,242
AULA2P,2024-04-06 12:00:00,90
AULA3P,2024-04-06 12:00:00,159
AULA4P,2024-04-06 12:00:00,156
AULAR1,2024-04-06 12:00:00,21
AULAR2,2024-04-06 12:00:00,76
AULAR3,2024-04-06 12:00:00,48
AULAR4,2024-04-06 12:00:00,154
AULAR1,2024-04-06 12:00:00,85
AULAR2,2024-04-06 12:00:00,140
AULAR3,2024-04-06 12:00:00,51
AULAR4,2024-04-06 12:00:00,205
AULAR1B,2024-04-06 12:00:00,52
AULAR2B,2024-04-06 12:00:00,186
AULAR4B,2024-04-06 12:00:00,179
AULA2,2024-04-06 12:15:00,108
AULA4,2024-04-06 12:15:00,56
AULA6,2024-04-06 12:15:00,68
AULA01,2024-04-06 12:15:00,82
AULA03,2024-04-06 12:15:00,68
AULA05,2024-04-06 12:15:00,27
AULA1P,2024-04-06 12:15:00,166
AULA2P,2024-04-06 12:15:00,106
AULA3P,2024-04-06 12:15:00,174
AULA4P,2024-04-06 12:15:00,4
AULAR1,2024-04-06 12:15:00,72
AULAR2,2024-04-06 12:15:00,213
AULAR3,2024-04-06 12:15:00,1
AULAR4,2024-04-06 12:15:00,11
AULAR1,2024-04-06 12:15:00,119
AULAR2,2024-04-06 12:15:00,224
AULAR3,2024-04-06 12:15:00,248
AULAR4,2024-04-06 12:15:00,227
AULAR1B,2024-04-06 12:15:00,54
AULAR2B,2024-04-06 12:15:00,207
AULAR4B,2024-04-06 12:15:00,40
AULA2,2024-04-06 12:30:00,10
AULA4,2024-04-06 12:30:00,240
AULA6,2024-04-06 12:30:00,101
AULA01,2024-04-06 12:30:00,117
AULA03,2024-04-06 12:30:00,99
AULA05,2024-04-06 12:30:00,2
AULA1P,2024-04-06 12:30:00,217
AULA2P,2024-04-06 12:30:00,209
AULA3P,2024-04-06 12:30:00,62
AULA4P,2024-04-06 12:30:00,22
AULAR1,2024-04-06 12:30:00,214
AULAR2,2024-04-06 12:30:00,105
AULAR3,2024-04-06 12:30:00,78
AULAR4,2024-04-06 12:30:00,115
AULAR1,2024-04-06 12:30:00,72
AULAR2,2024-04-06 12:30:00,187
AULAR3,2024-04-06 12:30:00,218
AULAR4,2024-04-06 12:30:00,129
AULAR1B,2024-04-06 12:30:00,99
AULAR2B,2024-04-06 12:30:00,105
AULAR4B,2024-04-06 12:30:00,79
AULA2,2024-04-06 12:45:00,224
AULA4,2024-04-06 12:45:00,32
AULA6,2024-04-06 12:45:00,134
AULA01,2024-04-06 12:45:00,220
AULA03,2024-04-06 12:45:00,172
AULA05,2024-04-06 12:45:00,101
AULA1P,2024-04-06 12:45:00,240
AULA2P,2024-04-06 12:45:00,168
AULA3P,2024-04-06 12:45:00,107
AULA4P,2024-04-06 12:45:00,51
AULAR1,2024-04-06 12:45:00,128
AULAR2,2024-04-06 12:45:00,60
AULAR3,2024-04-06 12:45:00,94
AULAR4,2024-04-06 12:45:00,131
AULAR1,2024-04-06 12:45:00,67
AULAR2,2024-04-06 12:45:00,207
AULAR3,2024-04-06 12:45:00,57
AULAR4,2024-04-06 12:45:00,83
AULAR1B,2024-04-06 12:45:00,229
AULAR2B,2024-04-06 12:45:00,7
AULAR4B,2024-04-06 12:45:00,62
AULA2,2024-04-06 13:00:00,79
AULA4,2024-04-06 13:00:00,242
AULA6,2024-04-06 13:00:00,154
AULA01,2024-04-06 13:00:00,10
AULA03,2024-04-06 13:00:00,250
AULA05,2024-04-06 13:00:00,39
AULA1P,2024-04-06 13:00:00,126
AULA2P,2024-04-06 13:00:00,166
AULA3P,2024-04-06 13:00:00,86
AULA4P,2024-04-06 13:00:00,103
AULAR1,2024-04-06 13:00:00,201
AULAR2,2024-04-06 13:00:00,64
AULAR3,2024-04-06 13:00:00,215
AULAR4,2024-04-06 13:00:00,136
AULAR1,2024-04-06 13:00:00,39
AULAR2,2024-04-06 13:00:00,154
AULAR3,2024-04-06 13:00:00,223
AULAR4,2024-04-06 13:00:00,85
AULAR1B,2024-04-06 13:00:00,165
AULAR2B,2024-04-06 13:00:00,94
AULAR4B,2024-04-06 13:00:00,64
AULA2,2024-04-06 13:15:00,225
AULA4,2024-04-06 13:15:00,20
AULA6,2024-04-06 13:15:00,43
AULA01,2024-04-06 13:15:00,56
AULA03,2024-04-06 13:15:00,71
AULA05,2024-04-06 13:15:00,125
AULA1P,2024-04-06 13:15:00,59
AULA2P,2024-04-06 13:15:00,83
AULA3P,2024-04-06 13:15:00,1
AULA4P,2024-04-06 13:15:00,42
AULAR1,2024-04-06 13:15:00,230
AULAR2,2024-04-06 13:15:00,247
AULAR3,2024-04-06 13:15:00,30
AULAR4,2024-04-06 13:15:00,7
AULAR1,2024-04-06 13:15:00,168
AULAR2,2024-04-06 13:15:00,229
AULAR3,2024-04-06 13:15:00,10
AULAR4,2024-04-06 13:15:00,162
AULAR1B,2024-04-06 13:15:00,215
AULAR2B,2024-04-06 13:15:00,107
AULAR4B,2024-04-06 13:15:00,194
AULA2,2024-04-06 13:30:00,131
AULA4,2024-04-06 13:30:00,54
AULA6,2024-04-06 13:30:00,28
AULA01,2024-04-06 13:30:00,79
AULA03,2024-04-06 13:30:00,188
AULA05,2024-04-06 13:30:00,122
AULA1P,2024-04-06 13:30:00,154
AULA2P,2024-04-06 13:30:00,48
AULA3P,2024-04-06 13:30:00,153
AULA4P,2024-04-06 13:30:00,101
AULAR1,2024-04-06 13:30:00,45
AULAR2,2024-04-06 13:30:00,77
AULAR3,2024-04-06 13:30:00,229
AULAR4,2024-04-06 13:30:00,202
AULAR1,2024-04-06 13:30:00,202
AULAR2,2024-04-06 13:30:00,199
AULAR3,2024-04-06 13:30:00,114
AULAR4,2024-04-06 13:30:00,41
AULAR1B,2024-04-06 13:30:00,98
AULAR2B,2024-04-06 13:30:00,196
AULAR4B,2024-04-06 13:30:00,47
AULA2,2024-04-06 13:45:00,173
AULA4,2024-04-06 13:45:00,67
AULA6,2024-04-06 13:45:00,49
AULA01,2024-04-06 13:45:00,130
AULA03,2024-04-06 13:45:00,3
AULA05,2024-04-06 13:45:00,171
AULA1P,2024-04-06 13:45:00,5
AULA2P,2024-04-06 13:45:00,123
AULA3P,2024-04-06 13:45:00,170
AULA4P,2024-04-06 13:45:00,172
AULAR1,2024-04-06 13:45:00,121
AULAR2,2024-04-06 13:45:00,165
AULAR3,2024-04-06 13:45:00,141
AULAR4,2024-04-06 13:45:00,35
AULAR1,2024-04-06 13:45:00,54
AULAR2,2024-04-06 13:45:00,219
AULAR3,2024-04-06 13:45:00,33
AULAR4,2024-04-06 13:45:00,55
AULAR1B,2024-04-06 13:45:00,84
AULAR2B,2024-04-06 13:45:00,27
AULAR4B,2024-04-06 13:45:00,141
AULA2,2024-04-06 14:00:00,84
AULA4,2024-04-06 14:00:00,83
AULA6,2024-04-06 14:00:00,16
AULA01,2024-04-06 14:00:00,130
AULA03,2024-04-06 14:00:00,105
AULA05,2024-04-06 14:00:00,227
AULA1P,2024-04-06 14:00:00,165
AULA2P,2024-04-06 14:00:00,164
AULA3P,2024-04-06 14:00:00,244
AULA4P,2024-04-06 14:00:00,204
AULAR1,2024-04-06 14:00:00,56
AULAR2,2024-04-06 14:00:00,124
AULAR3,2024-04-06 14:00:00,58
AULAR4,2024-04-06 14:00:00,47
AULAR1,2024-04-06 14:00:00,245
AULAR2,2024-04-06 14:00:00,199
AULAR3,2024-04-06 14:00:00,183
AULAR4,2024-04-06 14:00:00,180
AULAR1B,2024-04-06 14:00:00,44
AULAR2B,2024-04-06 14:00:00,190
AULAR4B,2024-04-06 14:00:00,232
AULA2,2024-04-06 14:15:00,108
AULA4,2024-04-06 14:15:00,159
AULA6,2024-04-06 14:15:00,32
AULA01,2024-04-06 14:15:00,40
AULA03,2024-04-06 14:15:00,128
AULA05,2024-04-06 14:15:00,48
AULA1P,2024-04-06 14:15:00,105
AULA2P,2024-04-06 14:15:00,145
AULA3P,2024-04-06 14:15:00,202
AULA4P,2024-04-06 14:15:00,81
AULAR1,2024-04-06 14:15:00,67
AULAR2,2024-04-06 14:15:00,207
AULAR3,2024-04-06 14:15:00,202
AULAR4,2024-04-06 14:15:00,155
AULAR1,2024-04-06 14:15:00,178
AULAR2,2024-04-06 14:15:00,54
AULAR3,2024-04-06 14:15:00,237
AULAR4,2024-04-06 14:15:00,57
AULAR1B,2024-04-06 14:15:00,198
AULAR2B,2024-04-06 14:15:00,88
AULAR4B,2024-04-06 14:15:00,102
AULA2,2024-04-06 14:30:00,132
AULA4,2024-04-06 14:30:00,187
AULA6,2024-04-06 14:30:00,238
AULA01,2024-04-06 14:30:00,125
AULA03,2024-04-06 14:30:00,51
AULA05,2024-04-06 14:30:00,100
AULA1P,2024-04-06 14:30:00,247
AULA2P,2024-04-06 14:30:00,239
AULA3P,2024-04-06 14:30:00,136
AULA4P,2024-04-06 14:30:00,90
AULAR1,2024-04-06 14:30:00,60
AULAR2,2024-04-06 14:30:00,109
AULAR3,2024-04-06 14:30:00,23
AULAR4,2024-04-06 14:30:00,198
AULAR1,2024-04-06 14:30:00,49
AULAR2,2024-04-06 14:30:00,114
AULAR3,2024-04-06 14:30:00,93
AULAR4,2024-04-06 14:30:00,14
AULAR1B,2024-04-06 14:30:00,37
AULAR2B,2024-04-06 14:30:00,104
AULAR4B,2024-04-06 14:30:00,185
AULA2,2024-04-06 14:45:00,86
AULA4,2024-04-06 14:45:00,173
AULA6,2024-04-06 14:45:00,112
AULA01,2024-04-06 14:45:00,46
AULA03,2024-04-06 14:45:00,216
AULA05,2024-04-06 14:45:00,187
AULA1P,2024-04-06 14:45:00,185
AULA2P,2024-04-06 14:45:00,79
AULA3P,2024-04-06 14:45:00,218
AULA4P,2024-04-06 14:45:00,67
AULAR1,2024-04-06 14:45:00,134
AULAR2,2024-04-06 14:45:00,233
AULAR3,2024-04-06 14:45:00,219
AULAR4,2024-04-06 14:45:00,233
AULAR1,2024-04-06 14:45:00,28
AULAR2,2024-04-06 14:45:00,31
AULAR3,2024-04-06 14:45:00,28
AULAR4,2024-04-06 14:45:00,188
AULAR1B,2024-04-06 14:45:00,219
AULAR2B,2024-04-06 14:45:00,0
AULAR4B,2024-04-06 14:45:00,181
AULA2,2024-04-06 15:00:00,120
AULA4,2024-04-06 15:00:00,208
AULA6,2024-04-06 15:00:00,132
AULA01,2024-04-06 15:00:00,55
AULA03,2024-04-06 15:00:00,25
AULA05,2024-04-06 15:00:00,203
AULA1P,2024-04-06 15:00:00,63
AULA2P,2024-04-06 15:00:00,206
AULA3P,2024-04-06 15:00:00,60
AULA4P,2024-04-06 15:00:00,148
AULAR1,2024-04-06 15:00:00,211
AULAR2,2024-04-06 15:00:00,137
AULAR3,2024-04-06 15:00:00,130
AULAR4,2024-04-06 15:00:00,88
AULAR1,2024-04-06 15:00:00,240
AULAR2,2024-04-06 15:00:00,62
AULAR3,2024-04-06 15:00:00,239
AULAR4,2024-04-06 15:00:00,39
AULAR1B,2024-04-06 15:00:00,103
AULAR2B,2024-04-06 15:00:00,167
AULAR4B,2024-04-06 15:00:00,0
AULA2,2024-04-06 15:15:00,184
AULA4,2024-04-06 15:15:00,154
AULA6,2024-04-06 15:15:00,45
AULA01,2024-04-06 15:15:00,165
AULA03,2024-04-06 15:15:00,148
AULA05,2024-04-06 15:15:00,96
AULA1P,2024-04-06 15:15:00,88
AULA2P,2024-04-06 15:15:00,197
AULA3P,2024-04-06 15:15:00,192
AULA4P,2024-04-06 15:15:00,73
AULAR1,2024-04-06 15:15:00,233
AULAR2,2024-04-06 15:15:00,150
AULAR3,2024-04-06 15:15:00,66
AULAR4,2024-04-06 15:15:00,154
AULAR1,2024-04-06 15:15:00,87
AULAR2,2024-04-06 15:15:00,10
AULAR3,2024-04-06 15:15:00,163
AULAR4,2024-04-06 15:15:00,131
AULAR1B,2024-04-06 15:15:00,92
AULAR2B,2024-04-06 15:15:00,56
AULAR4B,2024-04-06 15:15:00,3
AULA2,2024-04-06 15:30:00,250
AULA4,2024-04-06 15:30:00,74
AULA6,2024-04-06 15:30:00,40
AULA01,2024-04-06 15:30:00,122
AULA03,2024-04-06 15:30:00,143
AULA05,2024-04-06 15:30:00,28
AULA1P,2024-04-06 15:30:00,226
AULA2P,2024-04-06 15:30:00,144
AULA3P,2024-04-06 15:30:00,29
AULA4P,2024-04-06 15:30:00,74
AULAR1,2024-04-06 15:30:00,178
AULAR2,2024-04-06 15:30:00,63
AULAR3,2024-04-06 15:30:00,134
AULAR4,2024-04-06 15:30:00,154
AULAR1,2024-04-06 15:30:00,222
AULAR2,2024-04-06 15:30:00,81
AULAR3,2024-04-06 15:30:00,97
AULAR4,2024-04-06 15:30:00,2
AULAR1B,2024-04-06 15:30:00,2
AULAR2B,2024-04-06 15:30:00,96
AULAR4B,2024-04-06 15:30:00,100
AULA2,2024-04-06 15:45:00,240
AULA4,2024-04-06 15:45:00,11
AULA6,2024-04-06 15:45:00,156
AULA01,2024-04-06 15:45:00,183
AULA03,2024-04-06 15:45:00,211
AULA05,2024-04-06 15:45:00,18
AULA1P,2024-04-06 15:45:00,145
AULA2P,2024-04-06 15:45:00,248
AULA3P,2024-04-06 15:45:00,43
AULA4P,2024-04-06 15:45:00,243
AULAR1,2024-04-06 15:45:00,86
AULAR2,2024-04-06 15:45:00,97
AULAR3,2024-04-06 15:45:00,249
AULAR4,2024-04-06 15:45:00,77
AULAR1,2024-04-06 15:45:00,108
AULAR2,2024-04-06 15:45:00,96
AULAR3,2024-04-06 15:45:00,199
AULAR4,2024-04-06 15:45:00,65
AULAR1B,2024-04-06 15:45:00,29
AULAR2B,2024-04-06 15:45:00,2
AULAR4B,2024-04-06 15:45:00,110
AULA2,2024-04-06 16:00:00,241
AULA4,2024-04-06 16:00:00,201
AULA6,2024-04-06 16:00:00,192
AULA01,2024-04-06 16:00:00,107
AULA03,2024-04-06 16:00:00,53
AULA05,2024-04-06 16:00:00,241
AULA1P,2024-04-06 16:00:00,41
AULA2P,2024-04-06 16:00:00,204
AULA3P,2024-04-06 16:00:00,231
AULA4P,2024-04-06 16:00:00,183
AULAR1,2024-04-06 16:00:00,239
AULAR2,2024-04-06 16:00:00,124
AULAR3,2024-04-06 16:00:00,206
AULAR4,2024-04-06 16:00:00,3
AULAR1,2024-04-06 16:00:00,195
AULAR2,2024-04-06 16:00:00,98
AULAR3,2024-04-06 16:00:00,127
AULAR4,2024-04-06 16:00:00,14
AULAR1B,2024-04-06 16:00:00,208
AULAR2B,2024-04-06 16:00:00,183
AULAR4B,2024-04-06 16:00:00,54
AULA2,2024-04-06 16:15:00,231
AULA4,2024-04-06 16:15:00,72
AULA6,2024-04-06 16:15:00,239
AULA01,2024-04-06 16:15:00,147
AULA03,2024-04-06 16:15:00,204
AULA05,2024-04-06 16:15:00,17
AULA1P,2024-04-06 16:15:00,25
AULA2P,2024-04-06 16:15:00,61
AULA3P,2024-04-06 16:15:00,232
AULA4P,2024-04-06 16:15:00,185
AULAR1,2024-04-06 16:15:00,179
AULAR2,2024-04-06 16:15:00,157
AULAR3,2024-04-06 16:15:00,114
AULAR4,2024-04-06 16:15:00,231
AULAR1,2024-04-06 16:15:00,109
AULAR2,2024-04-06 16:15:00,169
AULAR3,2024-04-06 16:15:00,63
AULAR4,2024-04-06 16:15:00,212
AULAR1B,2024-04-06 16:15:00,32
AULAR2B,2024-04-06 16:15:00,55
AULAR4B,2024-04-06 16:15:00,157
AULA2,2024-04-06 16:30:00,36
AULA4,2024-04-06 16:30:00,120
AULA6,2024-04-06 16:30:00,59
AULA01,2024-04-06 16:30:00,163
AULA03,2024-04-06 16:30:00,38
AULA05,2024-04-06 16:30:00,164
AULA1P,2024-04-06 16:30:00,196
AULA2P,2024-04-06 16:30:00,148
AULA3P,2024-04-06 16:30:00,117
AULA4P,2024-04-06 16:30:00,173
AULAR1,2024-04-06 16:30:00,242
AULAR2,2024-04-06 16:30:00,81
AULAR3,2024-04-06 16:30:00,2
AULAR4,2024-04-06 16:30:00,25
AULAR1,2024-04-06 16:30:00,46
AULAR2,2024-04-06 16:30:00,43
AULAR3,2024-04-06 16:30:00,15
AULAR4,2024-04-06 16:30:00,190
AULAR1B,2024-04-06 16:30:00,181
AULAR2B,2024-04-06 16:30:00,48
AULAR4B,2024-04-06 16:30:00,210
AULA2,2024-04-06 16:45:00,35
AULA4,2024-04-06 16:45:00,86
AULA6,2024-04-06 16:45:00,200
AULA01,2024-04-06 16:45:00,218
AULA03,2024-04-06 16:45:00,218
AULA05,2024-04-06 16:45:00,147
AULA1P,2024-04-06 16:45:00,46
AULA2P,2024-04-06 16:45:00,246
AULA3P,2024-04-06 16:45:00,122
AULA4P,2024-04-06 16:45:00,96
AULAR1,2024-04-06 16:45:00,215
AULAR2,2024-04-06 16:45:00,187
AULAR3,2024-04-06 16:45:00,96
AULAR4,2024-04-06 16:45:00,47
AULAR1,2024-04-06 16:45:00,144
AULAR2,2024-04-06 16:45:00,1
AULAR3,2024-04-06 16:45:00,185
AULAR4,2024-04-06 16:45:00,173
AULAR1B,2024-04-06 16:45:00,0
AULAR2B,2024-04-06 16:45:00,185
AULAR4B,2024-04-06 16:45:00,54
AULA2,2024-04-06 17:00:00,172
AULA4,2024-04-06 17:00:00,113
AULA6,2024-04-06 17:00:00,121
AULA01,2024-04-06 17:00:00,221
AULA03,2024-04-06 17:00:00,237
AULA05,2024-04-06 17:00:00,131
AULA1P,2024-04-06 17:00:00,175
AULA2P,2024-04-06 17:00:00,71
AULA3P,2024-04-06 17:00:00,146
AULA4P,2024-04-06 17:00:00,111
AULAR1,2024-04-06 17:00:00,209
AULAR2,2024-04-06 17:00:00,48
AULAR3,2024-04-06 17:00:00,101
AULAR4,2024-04-06 17:00:00,190
AULAR1,2024-04-06 17:00:00,194
AULAR2,2024-04-06 17:00:00,15
AULAR3,2024-04-06 17:00:00,79
AULAR4,2024-04-06 17:00:00,44
AULAR1B,2024-04-06 17:00:00,140
AULAR2B,2024-04-06 17:00:00,243
AULAR4B,2024-04-06 17:00:00,89
AULA2,2024-04-06 17:15:00,54
AULA4,2024-04-06 17:15:00,74
AULA6,2024-04-06 17:15:00,19
AULA01,2024-04-06 17:15:00,76
AULA03,2024-04-06 17:15:00,214
AULA05,2024-04-06 17:15:00,158
AULA1P,2024-04-06 17:15:00,31
AULA2P,2024-04-06 17:15:00,105
AULA3P,2024-04-06 17:15:00,144
AULA4P,2024-04-06 17:15:00,19
AULAR1,2024-04-06 17:15:00,17
AULAR2,2024-04-06 17:15:00,53
AULAR3,2024-04-06 17:15:00,92
AULAR4,2024-04-06 17:15:00,72
AULAR1,2024-04-06 17:15:00,59
AULAR2,2024-04-06 17:15:00,126
AULAR3,2024-04-06 17:15:00,102
AULAR4,2024-04-06 17:15:00,186
AULAR1B,2024-04-06 17:15:00,167
AULAR2B,2024-04-06 17:15:00,246
AULAR4B,2024-04-06 17:15:00,94
AULA2,2024-04-06 17:30:00,101
AULA4,2024-04-06 17:30:00,148
AULA6,2024-04-06 17:30:00,107
AULA01,2024-04-06 17:30:00,145
AULA03,2024-04-06 17:30:00,28
AULA05,2024-04-06 17:30:00,117
AULA1P,2024-04-06 17:30:00,27
AULA2P,2024-04-06 17:30:00,36
AULA3P,2024-04-06 17:30:00,169
AULA4P,2024-04-06 17:30:00,181
AULAR1,2024-04-06 17:30:00,124
AULAR2,2024-04-06 17:30:00,5
AULAR3,2024-04-06 17:30:00,74
AULAR4,2024-04-06 17:30:00,117
AULAR1,2024-04-06 17:30:00,56
AULAR2,2024-04-06 17:30:00,229
AULAR3,2024-04-06 17:30:00,89
AULAR4,2024-04-06 17:30:00,218
AULAR1B,2024-04-06 17:30:00,46
AULAR2B,2024-04-06 17:30:00,209
AULAR4B,2024-04-06 17:30:00,116
AULA2,2024-04-06 17:45:00,186
AULA4,2024-04-06 17:45:00,136
AULA6,2024-04-06 17:45:00,172
AULA01,2024-04-06 17:45:00,37
AULA03,2024-04-06 17:45:00,38
AULA05,2024-04-06 17:45:00,62
AULA1P,2024-04-06 17:45:00,75
AULA2P,2024-04-06 17:45:00,148
AULA3P,2024-04-06 17:45:00,188
AULA4P,2024-04-06 17:45:00,114
AULAR1,2024-04-06 17:45:00,196
AULAR2,2024-04-06 17:45:00,145
AULAR3,2024-04-06 17:45:00,116
AULAR4,2024-04-06 17:45:00,236
AULAR1,2024-04-06 17:45:00,120
AULAR2,2024-04-06 17:45:00,130
AULAR3,2024-04-06 17:45:00,237
AULAR4,2024-04-06 17:45:00,201
AULAR1B,2024-04-06 17:45:00,119
AULAR2B,2024-04-06 17:45:00,10
AULAR4B,2024-04-06 17:45:00,66
AULA2,2024-04-06 18:00:00,40
AULA4,2024-04-06 18:00:00,182
AULA6,2024-04-06 18:00:00,116
AULA01,2024-04-06 18:00:00,118
AULA03,2024-04-06 18:00:00,87
AULA05,2024-04-06 18:00:00,184
AULA1P,2024-04-06 18:00:00,176
AULA2P,2024-04-06 18:00:00,198
AULA3P,2024-04-06 18:00:00,73
AULA4P,2024-04-06 18:00:00,179
AULAR1,2024-04-06 18:00:00,102
AULAR2,2024-04-06 18:00:00,75
AULAR3,2024-04-06 18:00:00,164
AULAR4,2024-04-06 18:00:00,50
AULAR1,2024-04-06 18:00:00,58
AULAR2,2024-04-06 18:00:00,225
AULAR3,2024-04-06 18:00:00,39
AULAR4,2024-04-06 18:00:00,219
AULAR1B,2024-04-06 18:00:00,32
AULAR2B,2024-04-06 18:00:00,94
AULAR4B,2024-04-06 18:00:00,140
AULA2,2024-04-06 18:15:00,9
AULA4,2024-04-06 18:15:00,165
AULA6,2024-04-06 18:15:00,230
AULA01,2024-04-06 18:15:00,92
AULA03,2024-04-06 18:15:00,11
AULA05,2024-04-06 18:15:00,42
AULA1P,2024-04-06 18:15:00,3
AULA2P,2024-04-06 18:15:00,43
AULA3P,2024-04-06 18:15:00,18
AULA4P,2024-04-06 18:15:00,205
AULAR1,2024-04-06 18:15:00,178
AULAR2,2024-04-06 18:15:00,10
AULAR3,2024-04-06 18:15:00,153
AULAR4,2024-04-06 18:15:00,63
AULAR1,2024-04-06 18:15:00,52
AULAR2,2024-04-06 18:15:00,39
AULAR3,2024-04-06 18:15:00,59
AULAR4,2024-04-06 18:15:00,197
AULAR1B,2024-04-06 18:15:00,223
AULAR2B,2024-04-06 18:15:00,77
AULAR4B,2024-04-06 18:15:00,221
AULA2,2024-04-06 18:30:00,112
AULA4,2024-04-06 18:30:00,76
AULA6,2024-04-06 18:30:00,34
AULA01,2024-04-06 18:30:00,231
AULA03,2024-04-06 18:30:00,228
AULA05,2024-04-06 18:30:00,216
AULA1P,2024-04-06 18:30:00,69
AULA2P,2024-04-06 18:30:00,172
AULA3P,2024-04-06 18:30:00,247
AULA4P,2024-04-06 18:30:00,243
AULAR1,2024-04-06 18:30:00,50
AULAR2,2024-04-06 18:30:00,60
AULAR3,2024-04-06 18:30:00,121
AULAR4,2024-04-06 18:30:00,181
AULAR1,2024-04-06 18:30:00,183
AULAR2,2024-04-06 18:30:00,175
AULAR3,2024-04-06 18:30:00,1
AULAR4,2024-04-06 18:30:00,204
AULAR1B,2024-04-06 18:30:00,191
AULAR2B,2024-04-06 18:30:00,27
AULAR4B,2024-04-06 18:30:00,40
AULA2,2024-04-06 18:45:00,156
AULA4,2024-04-06 18:45:00,138
AULA6,2024-04-06 18:45:00,37
AULA01,2024-04-06 18:45:00,181
AULA03,2024-04-06 18:45:00,244
AULA05,2024-04-06 18:45:00,105
AULA1P,2024-04-06 18:45:00,245
AULA2P,2024-04-06 18:45:00,39
AULA3P,2024-04-06 18:45:00,14
AULA4P,2024-04-06 18:45:00,32
AULAR1,2024-04-06 18:45:00,241
AULAR2,2024-04-06 18:45:00,172
AULAR3,2024-04-06 18:45:00,166
AULAR4,2024-04-06 18:45:00,57
AULAR1,2024-04-06 18:45:00,90
AULAR2,2024-04-06 18:45:00,231
AULAR3,2024-04-06 18:45:00,249
AULAR4,2024-04-06 18:45:00,149
AULAR1B,2024-04-06 18:45:00,232
AULAR2B,2024-04-06 18:45:00,110
AULAR4B,2024-04-06 18:45:00,227
AULA2,2024-04-06 19:00:00,36
AULA4,2024-04-06 19:00:00,38
AULA6,2024-04-06 19:00:00,169
AULA01,2024-04-06 19:00:00,92
AULA03,2024-04-06 19:00:00,234
AULA05,2024-04-06 19:00:00,224
AULA1P,2024-04-06 19:00:00,9
AULA2P,2024-04-06 19:00:00,82
AULA3P,2024-04-06 19:00:00,107
AULA4P,2024-04-06 19:00:00,149
AULAR1,2024-04-06 19:00:00,203
AULAR2,2024-04-06 19:00:00,248
AULAR3,2024-04-06 19:00:00,234
AULAR4,2024-04-06 19:00:00,27
AULAR1,2024-04-06 19:00:00,49
AULAR2,2024-04-06 19:00:00,75
AULAR3,2024-04-06 19:00:00,109
AULAR4,2024-04-06 19:00:00,168
AULAR1B,2024-04-06 19:00:00,205
AULAR2B,2024-04-06 19:00:00,34
AULAR4B,2024-04-06 19:00:00,94
AULA2,2024-04-06 19:15:00,75
AULA4,2024-04-06 19:15:00,183
AULA6,2024-04-06 19:15:00,65
AULA01,2024-04-06 19:15:00,18
AULA03,2024-04-06 19:15:00,69
AULA05,2024-04-06 19:15:00,98
AULA1P,2024-04-06 19:15:00,209
AULA2P,2024-04-06 19:15:00,52
AULA3P,2024-04-06 19:15:00,227
AULA4P,2024-04-06 19:15:00,21
AULAR1,2024-04-06 19:15:00,125
AULAR2,2024-04-06 19:15:00,38
AULAR3,2024-04-06 19:15:00,33
AULAR4,2024-04-06 19:15:00,147
AULAR1,2024-04-06 19:15:00,155
AULAR2,2024-04-06 19:15:00,165
AULAR3,2024-04-06 19:15:00,88
AULAR4,2024-04-06 19:15:00,92
AULAR1B,2024-04-06 19:15:00,196
AULAR2B,2024-04-06 19:15:00,33
AULAR4B,2024-04-06 19:15:00,99
AULA2,2024-04-06 19:30:00,135
AULA4,2024-04-06 19:30:00,18
AULA6,2024-04-06 19:30:00,161
AULA01,2024-04-06 19:30:00,0
AULA03,2024-04-06 19:30:00,168
AULA05,2024-04-06 19:30:00,240
AULA1P,2024-04-06 19:30:00,163
AULA2P,2024-04-06 19:30:00,107
AULA3P,2024-04-06 19:30:00,121
AULA4P,2024-04-06 19:30:00,225
AULAR1,2024-04-06 19:30:00,11
AULAR2,2024-04-06 19:30:00,207
AULAR3,2024-04-06 19:30:00,188
AULAR4,2024-04-06 19:30:00,188
AULAR1,2024-04-06 19:30:00,190
AULAR2,2024-04-06 19:30:00,208
AULAR3,2024-04-06 19:30:00,113
AULAR4,2024-04-06 19:30:00,211
AULAR1B,2024-04-06 19:30:00,110
AULAR2B,2024-04-06 19:30:00,51
AULAR4B,2024-04-06 19:30:00,95
AULA2,2024-04-06 19:45:00,174
AULA4,2024-04-06 19:45:00,136
AULA6,2024-04-06 19:45:00,60
AULA01,2024-04-06 19:45:00,27
AULA03,2024-04-06 19:45:00,153
AULA05,2024-04-06 19:45:00,33
AULA1P,2024-04-06 19:45:00,228
AULA2P,2024-04-06 19:45:00,234
AULA3P,2024-04-06 19:45:00,224
AULA4P,2024-04-06 19:45:00,24
AULAR1,2024-04-06 19:45:00,136
AULAR2,2024-04-06 19:45:00,183
AULAR3,2024-04-06 19:45:00,60
AULAR4,2024-04-06 19:45:00,208
AULAR1,2024-04-06 19:45:00,193
AULAR2,2024-04-06 19:45:00,116
AULAR3,2024-04-06 19:45:00,0
AULAR4,2024-04-06 19:45:00,95
AULAR1B,2024-04-06 19:45:00,78
AULAR2B,2024-04-06 19:45:00,83
AULAR4B,2024-04-06 19:45:00,117
AULA2,2024-04-06 20:00:00,146
AULA4,2024-04-06 20:00:00,236
AULA6,2024-04-06 20:00:00,221
AULA01,2024-04-06 20:00:00,211
AULA03,2024-04-06 20:00:00,95
AULA05,2024-04-06 20:00:00,65
AULA1P,2024-04-06 20:00:00,158
AULA2P,2024-04-06 20:00:00,199
AULA3P,2024-04-06 20:00:00,153
AULA4P,2024-04-06 20:00:00,34
AULAR1,2024-04-06 20:00:00,146
AULAR2,2024-04-06 20:00:00,41
AULAR3,2024-04-06 20:00:00,214
AULAR4,2024-04-06 20:00:00,41
AULAR1,2024-04-06 20:00:00,85
AULAR2,2024-04-06 20:00:00,137
AULAR3,2024-04-06 20:00:00,58
AULAR4,2024-04-06 20:00:00,77
AULAR1B,2024-04-06 20:00:00,87
AULAR2B,2024-04-06 20:00:00,76
AULAR4B,2024-04-06 20:00:00,123
AULA2,2024-04-06 20:15:00,177
AULA4,2024-04-06 20:15:00,192
AULA6,2024-04-06 20:15:00,98
AULA01,2024-04-06 20:15:00,74
AULA03,2024-04-06 20:15:00,118
AULA05,2024-04-06 20:15:00,14
AULA1P,2024-04-06 20:15:00,67
AULA2P,2024-04-06 20:15:00,67
AULA3P,2024-04-06 20:15:00,55
AULA4P,2024-04-06 20:15:00,70
AULAR1,2024-04-06 20:15:00,160
AULAR2,2024-04-06 20:15:00,71
AULAR3,2024-04-06 20:15:00,45
AULAR4,2024-04-06 20:15:00,111
AULAR1,2024-04-06 20:15:00,132
AULAR2,2024-04-06 20:15:00,154
AULAR3,2024-04-06 20:15:00,39
AULAR4,2024-04-06 20:15:00,139
AULAR1B,2024-04-06 20:15:00,113
AULAR2B,2024-04-06 20:15:00,88
AULAR4B,2024-04-06 20:15:00,65
AULA2,2024-04-06 20:30:00,195
AULA4,2024-04-06 20:30:00,146
AULA6,2024-04-06 20:30:00,200
AULA01,2024-04-06 20:30:00,159
AULA03,2024-04-06 20:30:00,46
AULA05,2024-04-06 20:30:00,79
AULA1P,2024-04-06 20:30:00,167
AULA2P,2024-04-06 20:30:00,101
AULA3P,2024-04-06 20:30:00,156
AULA4P,2024-04-06 20:30:00,92
AULAR1,2024-04-06 20:30:00,74
AULAR2,2024-04-06 20:30:00,110
AULAR3,2024-04-06 20:30:00,234
AULAR4,2024-04-06 20:30:00,248
AULAR1,2024-04-06 20:30:00,125
AULAR2,2024-04-06 20:30:00,104
AULAR3,2024-04-06 20:30:00,227
AULAR4,2024-04-06 20:30:00,29
AULAR1B,2024-04-06 20:30:00,49
AULAR2B,2024-04-06 20:30:00,3
AULAR4B,2024-04-06 20:30:00,176
AULA2,2024-04-06 20:45:00,56
AULA4,2024-04-06 20:45:00,8
AULA6,2024-04-06 20:45:00,193
AULA01,2024-04-06 20:45:00,138
AULA03,2024-04-06 20:45:00,111
AULA05,2024-04-06 20:45:00,68
AULA1P,2024-04-06 20:45:00,210
AULA2P,2024-04-06 20:45:00,38
AULA3P,2024-04-06 20:45:00,197
AULA4P,2024-04-06 20:45:00,97
AULAR1,2024-04-06 20:45:00,196
AULAR2,2024-04-06 20:45:00,158
AULAR3,2024-04-06 20:45:00,82
AULAR4,2024-04-06 20:45:00,175
AULAR1,2024-04-06 20:45:00,241
AULAR2,2024-04-06 20:45:00,202
AULAR3,2024-04-06 20:45:00,15
AULAR4,2024-04-06 20:45:00,59
AULAR1B,2024-04-06 20:45:00,193
AULAR2B,2024-04-06 20:45:00,61
AULAR4B,2024-04-06 20:45:00,149
AULA2,2024-04-06 21:00:00,6
AULA4,2024-04-06 21:00:00,102
AULA6,2024-04-06 21:00:00,11
AULA01,2024-04-06 21:00:00,206
AULA03,2024-04-06 21:00:00,152
AULA05,2024-04-06 21:00:00,230
AULA1P,2024-04-06 21:00:00,208
AULA2P,2024-04-06 21:00:00,118
AULA3P,2024-04-06 21:00:00,136
AULA4P,2024-04-06 21:00:00,131
AULAR1,2024-04-06 21:00:00,228
AULAR2,2024-04-06 21:00:00,203
AULAR3,2024-04-06 21:00:00,149
AULAR4,2024-04-06 21:00:00,77
AULAR1,2024-04-06 21:00:00,98
AULAR2,2024-04-06 21:00:00,181
AULAR3,2024-04-06 21:00:00,80
AULAR4,2024-04-06 21:00:00,203
AULAR1B,2024-04-06 21:00:00,210
AULAR2B,2024-04-06 21:00:00,225
AULAR4B,2024-04-06 21:00:00,150
AULA2,2024-04-06 21:15:00,83
AULA4,2024-04-06 21:15:00,196
AULA6,2024-04-06 21:15:00,20
AULA01,2024-04-06 21:15:00,118
AULA03,2024-04-06 21:15:00,28
AULA05,2024-04-06 21:15:00,159
AULA1P,2024-04-06 21:15:00,58
AULA2P,2024-04-06 21:15:00,180
AULA3P,2024-04-06 21:15:00,140
AULA4P,2024-04-06 21:15:00,218
AULAR1,2024-04-06 21:15:00,222
AULAR2,2024-04-06 21:15:00,99
AULAR3,2024-04-06 21:15:00,32
AULAR4,2024-04-06 21:15:00,139
AULAR1,2024-04-06 21:15:00,201
AULAR2,2024-04-06 21:15:00,130
AULAR3,2024-04-06 21:15:00,200
AULAR4,2024-04-06 21:15:00,114
AULAR1B,2024-04-06 21:15:00,101
AULAR2B,2024-04-06 21:15:00,8
AULAR4B,2024-04-06 21:15:00,13
AULA2,2024-04-06 21:30:00,23
AULA4,2024-04-06 21:30:00,43
AULA6,2024-04-06 21:30:00,86
AULA01,2024-04-06 21:30:00,38
AULA03,2024-04-06 21:30:00,243
AULA05,2024-04-06 21:30:00,78
AULA1P,2024-04-06 21:30:00,198
AULA2P,2024-04-06 21:30:00,136
AULA3P,2024-04-06 21:30:00,214
AULA4P,2024-04-06 21:30:00,115
AULAR1,2024-04-06 21:30:00,146
AULAR2,2024-04-06 21:30:00,3
AULAR3,2024-04-06 21:30:00,152
AULAR4,2024-04-06 21:30:00,4
AULAR1,2024-04-06 21:30:00,21
AULAR2,2024-04-06 21:30:00,93
AULAR3,2024-04-06 21:30:00,63
AULAR4,2024-04-06 21:30:00,26
AULAR1B,2024-04-06 21:30:00,249
AULAR2B,2024-04-06 21:30:00,58
AULAR4B,2024-04-06 21:30:00,245
AULA2,2024-04-06 21:45:00,139
AULA4,2024-04-06 21:45:00,176
AULA6,2024-04-06 21:45:00,141
AULA01,2024-04-06 21:45:00,168
AULA03,2024-04-06 21:45:00,33
AULA05,2024-04-06 21:45:00,179
AULA1P,2024-04-06 21:45:00,113
AULA2P,2024-04-06 21:45:00,97
AULA3P,2024-04-06 21:45:00,62
AULA4P,2024-04-06 21:45:00,2
AULAR1,2024-04-06 21:45:00,76
AULAR2,2024-04-06 21:45:00,139
AULAR3,2024-04-06 21:45:00,88
AULAR4,2024-04-06 21:45:00,21
AULAR1,2024-04-06 21:45:00,223
AULAR2,2024-04-06 21:45:00,58
AULAR3,2024-04-06 21:45:00,137
AULAR4,2024-04-06 21:45:00,203
AULAR1B,2024-04-06 21:45:00,124
AULAR2B,2024-04-06 21:45:00,19
AULAR4B,2024-04-06 21:45:00,215
AULA2,2024-04-06 22:00:00,61
AULA4,2024-04-06 22:00:00,80
AULA6,2024-04-06 22:00:00,63
AULA01,2024-04-06 22:00:00,121
AULA03,2024-04-06 22:00:00,101
AULA05,2024-04-06 22:00:00,85
AULA1P,2024-04-06 22:00:00,192
AULA2P,2024-04-06 22:00:00,227
AULA3P,2024-04-06 22:00:00,87
AULA4P,2024-04-06 22:00:00,119
AULAR1,2024-04-06 22:00:00,74
AULAR2,2024-04-06 22:00:00,203
AULAR3,2024-04-06 22:00:00,83
AULAR4,2024-04-06 22:00:00,94
AULAR1,2024-04-06 22:00:00,237
AULAR2,2024-04-06 22:00:00,54
AULAR3,2024-04-06 22:00:00,40
AULAR4,2024-04-06 22:00:00,171
AULAR1B,2024-04-06 22:00:00,69
AULAR2B,2024-04-06 22:00:00,8
AULAR4B,2024-04-06 22:00:00,150
AULA2,2024-04-06 22:15:00,135
AULA4,2024-04-06 22:15:00,56
AULA6,2024-04-06 22:15:00,130
AULA01,2024-04-06 22:15:00,109
AULA03,2024-04-06 22:15:00,7
AULA05,2024-04-06 22:15:00,103
AULA1P,2024-04-06 22:15:00,100
AULA2P,2024-04-06 22:15:00,197
AULA3P,2024-04-06 22:15:00,24
AULA4P,2024-04-06 22:15:00,129
AULAR1,2024-04-06 22:15:00,127
AULAR2,2024-04-06 22:15:00,64
AULAR3,2024-04-06 22:15:00,79
AULAR4,2024-04-06 22:15:00,57
AULAR1,2024-04-06 22:15:00,144
AULAR2,2024-04-06 22:15:00,210
AULAR3,2024-04-06 22:15:00,8
AULAR4,2024-04-06 22:15:00,42
AULAR1B,2024-04-06 22:15:00,31
AULAR2B,2024-04-06 22:15:00,192
AULAR4B,2024-04-06 22:15:00,247
AULA2,2024-04-06 22:30:00,25
AULA4,2024-04-06 22:30:00,203
AULA6,2024-04-06 22:30:00,198
AULA01,2024-04-06 22:30:00,81
AULA03,2024-04-06 22:30:00,25
AULA05,2024-04-06 22:30:00,167
AULA1P,2024-04-06 22:30:00,172
AULA2P,2024-04-06 22:30:00,185
AULA3P,2024-04-06 22:30:00,55
AULA4P,2024-04-06 22:30:00,17
AULAR1,2024-04-06 22:30:00,249
AULAR2,2024-04-06 22:30:00,187
AULAR3,2024-04-06 22:30:00,98
AULAR4,2024-04-06 22:30:00,75
AULAR1,2024-04-06 22:30:00,132
AULAR2,2024-04-06 22:30:00,2
AULAR3,2024-04-06 22:30:00,143
AULAR4,2024-04-06 22:30:00,15
AULAR1B,2024-04-06 22:30:00,59
AULAR2B,2024-04-06 22:30:00,167
AULAR4B,2024-04-06 22:30:00,39
AULA2,2024-04-06 22:45:00,140
AULA4,2024-04-06 22:45:00,250
AULA6,2024-04-06 22:45:00,246
AULA01,2024-04-06 22:45:00,145
AULA03,2024-04-06 22:45:00,34
AULA05,2024-04-06 22:45:00,216
AULA1P,2024-04-06 22:45:00,246
AULA2P,2024-04-06 22:45:00,8
AULA3P,2024-04-06 22:45:00,149
AULA4P,2024-04-06 22:45:00,79
AULAR1,2024-04-06 22:45:00,135
AULAR2,2024-04-06 22:45:00,197
AULAR3,2024-04-06 22:45:00,33
AULAR4,2024-04-06 22:45:00,33
AULAR1,2024-04-06 22:45:00,207
AULAR2,2024-04-06 22:45:00,78
AULAR3,2024-04-06 22:45:00,179
AULAR4,2024-04-06 22:45:00,127
AULAR1B,2024-04-06 22:45:00,144
AULAR2B,2024-04-06 22:45:00,180
AULAR4B,2024-04-06 22:45:00,212
AULA2,2024-04-06 23:00:00,241
AULA4,2024-04-06 23:00:00,125
AULA6,2024-04-06 23:00:00,250
AULA01,2024-04-06 23:00:00,149
AULA03,2024-04-06 23:00:00,32
AULA05,2024-04-06 23:00:00,236
AULA1P,2024-04-06 23:00:00,120
AULA2P,2024-04-06 23:00:00,92
AULA3P,2024-04-06 23:00:00,37
AULA4P,2024-04-06 23:00:00,89
AULAR1,2024-04-06 23:00:00,141
AULAR2,2024-04-06 23:00:00,98
AULAR3,2024-04-06 23:00:00,12
AULAR4,2024-04-06 23:00:00,115
AULAR1,2024-04-06 23:00:00,29
AULAR2,2024-04-06 23:00:00,1
AULAR3,2024-04-06 23:00:00,243
AULAR4,2024-04-06 23:00:00,34
AULAR1B,2024-04-06 23:00:00,125
AULAR2B,2024-04-06 23:00:00,120
AULAR4B,2024-04-06 23:00:00,19
AULA2,2024-04-06 23:15:00,20
AULA4,2024-04-06 23:15:00,61
AULA6,2024-04-06 23:15:00,7
AULA01,2024-04-06 23:15:00,160
AULA03,2024-04-06 23:15:00,85
AULA05,2024-04-06 23:15:00,39
AULA1P,2024-04-06 23:15:00,217
AULA2P,2024-04-06 23:15:00,135
AULA3P,2024-04-06 23:15:00,152
AULA4P,2024-04-06 23:15:00,67
AULAR1,2024-04-06 23:15:00,164
AULAR2,2024-04-06 23:15:00,56
AULAR3,2024-04-06 23:15:00,221
AULAR4,2024-04-06 23:15:00,90
AULAR1,2024-04-06 23:15:00,234
AULAR2,2024-04-06 23:15:00,146
AULAR3,2024-04-06 23:15:00,84
AULAR4,2024-04-06 23:15:00,209
AULAR1B,2024-04-06 23:15:00,217
AULAR2B,2024-04-06 23:15:00,181
AULAR4B,2024-04-06 23:15:00,148
AULA2,2024-04-06 23:30:00,246
AULA4,2024-04-06 23:30:00,55
AULA6,2024-04-06 23:30:00,27
AULA01,2024-04-06 23:30:00,50
AULA03,2024-04-06 23:30:00,242
AULA05,2024-04-06 23:30:00,217
AULA1P,2024-04-06 23:30:00,110
AULA2P,2024-04-06 23:30:00,110
AULA3P,2024-04-06 23:30:00,65
AULA4P,2024-04-06 23:30:00,122
AULAR1,2024-04-06 23:30:00,246
AULAR2,2024-04-06 23:30:00,60
AULAR3,2024-04-06 23:30:00,141
AULAR4,2024-04-06 23:30:00,30
AULAR1,2024-04-06 23:30:00,222
AULAR2,2024-04-06 23:30:00,9
AULAR3,2024-04-06 23:30:00,197
AULAR4,2024-04-06 23:30:00,100
AULAR1B,2024-04-06 23:30:00,223
AULAR2B,2024-04-06 23:30:00,93
AULAR4B,2024-04-06 23:30:00,202
AULA2,2024-04-06 23:45:00,130
AULA4,2024-04-06 23:45:00,229
AULA6,2024-04-06 23:45:00,243
AULA01,2024-04-06 23:45:00,2
AULA03,2024-04-06 23:45:00,35
AULA05,2024-04-06 23:45:00,8
AULA1P,2024-04-06 23:45:00,197
AULA2P,2024-04-06 23:45:00,197
AULA3P,2024-04-06 23:45:00,138
AULA4P,2024-04-06 23:45:00,85
AULAR1,2024-04-06 23:45:00,249
AULAR2,2024-04-06 23:45:00,148
AULAR3,2024-04-06 23:45:00,167
AULAR4,2024-04-06 23:45:00,36
AULAR1,2024-04-06 23:45:00,34
AULAR2,2024-04-06 23:45:00,15
AULAR3,2024-04-06 23:45:00,173
AULAR4,2024-04-06 23:45:00,165
AULAR1B,2024-04-06 23:45:00,24
AULAR2B,2024-04-06 23:45:00,186
AULAR4B,2024-04-06 23:45:00,226
